Album,Title,Year,Lyrics
"I Brought You My Bullets, You Brought Me Your Love","Honey, This Mirror Isn't Big Enough For The Two Of Us",2002,"The amount of pills I'm taking, counteracts the booze I'm drinking
and this vanity I'm breaking, lets me live my life like this
and well I find it hard to stay, with the words you say
Oh baby let me in
Oh baby let me in
Well I'll choose the life I've taken, never mind the friends I'm making
and the beauty that I'm faking lets me live my life like this
And well I find it hard to stay, with the words you say
Oh baby let me in
Oh baby let me in

And you can cry all you want to, I don't care how much
You'll invest yourself in me, we're not working out (we're not working out)
We're not working out (we're not working out)
And you can't touch my brother and you can't keep my friends
and we're not working out, we're not working out
This time I mean it, never mind the times I've seen it

Well I hope I'm not mistaken by the news I heard from waking
and it's hard to say I'm shaken, by the choices that I make
and well I find it hard to stay, with the words you say
Oh baby let me in
Oh baby let me in
Well I'll choose this life I've taken, never mind the friends I'm making
And I get a little shaken, because I live my life like this
And well I find it hard to stay, with the words you say
Oh baby let me in
Oh baby let me in

And you can cry all you want to, I don't care how much
You'll invest yourself in me, we're not working out,
We're not working out
And you can't keep my brother, and you won't fuck my friends
and we're not working out, we're not working out
This time I mean it, never mind the times I've seen it

Never again, never, never again

(and you can cry all you want to, I don't care how much you'll invest yourself in me)
ne.. never... never... never again
(and you can cry all you want to, I don't care how much you'll invest yourself)
ne.. never... never... oh baby let me.. oh baby... oh baby
Oh baby let me in
Oh baby let me in
I'm knocking let me in
Oh baby let me in
Oh baby let me in
I'm knocking let me in
Oh baby let me in
Oh baby let me in"
"I Brought You My Bullets, You Brought Me Your Love",Vampires Will Never Hurt You,2002,"And if they get me and the sun goes down into the ground
And if they get me take this spike to my heart and
And if they get me and the sun goes down
And if they get me take this spike and
You put the spike in my heart

And if the sun comes up will it tear the skin right off our bones
And then as razor sharp white teeth rip out our necks I saw you there
Someone get me to the doctor, someone get me to a church
Where they can pump this venom gaping hole
And you must keep your soul like a secret in your throat
And if they come and get me
What if you put the spike in my heart

And if they get me and the sun goes down
And if they get me take this spike and

(Come on!)

[Chorus]
Can you take this spike?
Will it fill our hearts with thoughts of endless
Night time sky?
Can you take this spike?
Will it wash away this jet black feeling?

And now the nightclub sets the stage for this they come in pairs she said
We'll shoot back holy water like cheap whiskey they're always there
Someone get me to the doctor, and someone call the nurse
And someone buy me roses, and someone burned the church
We're hanging out with corpses, and driving in this hearse
And someone save my soul tonight, please save my soul

[Chorus]
Can you take this spike?
Will it fill our hearts with thoughts of endless
Night time sky?
Can you take this spike?
Will it wash away this jet black now?

(Let's go! Come on!)

And as these days watch over time, and as these days watch over time
And as these days watch over us tonight
[x2]

I'll never let them, I'll never let them
I'll never let them hurt you not tonight
I'll never let them, I can't forget them
I'll never let them hurt you, I promise

Struck down, before our prime
Before, you got off the floor
Can you stake my heart? Can you stake my heart?

Can you stake my heart? Can you stake my heart?
(And these thoughts of endless night
bring us back into the light
and this venom from my heart)

Can you stake my heart? Can you stake my heart?
(And these thoughts of endless night
bring us back into the light
kill this venom from my heart)

Can you stake me before the sun goes down?

(And as always, innocent like roller coasters.
Fatality is like ghosts in snow and you have no idea what you're up against
because I've seen what they look like.
Becoming perfect as if they were sterling silver chainsaws going cascading...)"
"I Brought You My Bullets, You Brought Me Your Love",Our Lady Of Sorrows,2002,"Without a sound I took her down
and dressed in red and blue I squeezed
Imaginary wedding gown
That you can't wear in front of me
A kiss goodbye, your twisted shell
As rice grains and roses fall at your feet
Lets say goodbye, the hundredth time
And then tomorrow we'll do it again
Tomorrow we'll do it again

I dragged her down I put her out
And back there I left her where no one could see
And lifeless cold into this well
I stared as this moment was held for me
A kiss goodbye, your twisted shell
As rice grains and roses fall at your feet
Let's say goodbye, the hundredth time
And then tomorrow we'll do it again

I never thought it'd be this way
Just me and you, we're here alone
And if you stay, all I'm asking for is
A thousand bodies piled up
I never thought would be enough
To show you just what I've been thinking

And I'll keep on making more
Just to prove that I adore
Every inch of sanity
All I'm asking for is, all I'm asking for is

C'mon

These hands stained red
From the times that I've killed you and then
We can wash down this engagement ring
With poison and kerosene
We'll laugh as we die
And we'll celebrate the end of things
With cheap champagne

Without, without a sound [x2]
And I wish you away
Without a sound
And I wish you away

Without a sound, without a sound
And I wish you away"
"I Brought You My Bullets, You Brought Me Your Love",Drowning Lessons,2002,"We could be perfect one last night
And die like star-crossed lovers when we fight
And we can settle this affair
If you would shed your yellow take my hand
And then we'll solve the mystery of laceration gravity
This riddle of revenge please understand it has to be this way

Stand up fucking tall
Don't let them see your back
And take my fucking hand
And never be afraid again

We've only got one chance to put this at an end
and cross the patron saint of switchblade fights
You said we're not celebrities, we spark and fade, they die by threes
I'll make you understand and you can trade me for an apparition

Stand up fucking tall
Don't let them see your back
And take my fucking hand
And never

Trust, you said
Who put the words in your head
Oh how wrong we were to think
That immortality meant never dying

Stand
Take my fucking hand
Take my fucking...

Stand up fucking tall
Don't let them see your back
And take my fucking hand
And never be afraid again

Just because my hands are round your throat!"
"I Brought You My Bullets, You Brought Me Your Love",Headfirst For Halos,2002,"Yeah!

Well let's go back to the middle of the day that starts it all
I can't begin to let you know just what I'm feeling
And now the red ones make me fly
And the blue ones help me fall
And I think I'll blow my brains against the ceiling
And as the fragments of my skull begin to fall
Fall on your tongue like pixie dust just think happy thoughts

[Chorus]
And we'll fly home
We'll fly home
You and I
We'll fly home

Come on!

Well now I'm back in the middle of the day that starts it all.
I can't begin to let you know just what I'm feeling.
And now these red ones make me fly,
And the blue ones help me fall.
And I think I'll blow my brains against the ceiling.

[Chorus]
And we'll fly home,
You and I,
We'll fly home.

Now honestly that's what I said to her, what I said to her

Think happy thoughts [x8]
Think ha... wooo!"
"I Brought You My Bullets, You Brought Me Your Love",Skylines And Turnstiles,2002,"You're not in this alone
Let me break this awkward silence
Let me go, go on record
Be the first to say I'm sorry
Hear me out,
And if you take me down
Or would you lay me out
And if the world needs something better
Let's give them one more reason now, now, now

We walk in single file
We light our rails and punch our time
Ride escalators colder than a cell

[Chorus]
This broken city sky like butane on my skin
stolen from my eyes
Hello Angel, tell me where are you
Tell me where we go from here
[x2]

Tell me we go from...

And in this moment we can't close the lids on burning eyes
Our memories blanket us with friends we know like fallout vapors
Steel corpses stretch out towards an ending sun, scorched and black
It reaches in and tears your flesh apart
As ice cold hands rip into your heart

That's if you've still got one that's left inside that cave you call a chest
And after seeing what we saw, can we still reclaim our innocence
And if the world needs something better, let's give them one more reason now

[Chorus]
This broken city sky like butane on my skin
stolen from my eyes
Hello Angel, tell me where are you
Tell me where we go from here
[x2]

Tell me we go from here"
"I Brought You My Bullets, You Brought Me Your Love",Early Sunsets Over Monroeville,2002,"Late dawns and early sunsets, just like my favorite scenes
Then holding hands and life was perfect, just like up on the screen
And the whole time while always giving
Counting your face among the living

Up and down escalators, pennies and colder fountains
Elevators and half price sales, trapped in by all these mountains
Running away and hiding with you
I never thought they'd get me here
Not knowing you'd change from just one bite
I fought them all off just to hold you close and tight

But does anyone notice?
But does anyone care?
And if I had the guts to put this to your head...
But would anything matter if you're already dead?
And well should I be shocked now by the last thing you said?
Before I pull this trigger,
Your eyes vacant and stained...

But does anyone notice?
But does anyone care?
And if I had the guts to put this to your head...
And would anything matter if you're already dead?
And now should I be shocked by the last thing you said?
Before I pull this trigger,
Your eyes vacant and stained...
And in saying you loved me,
Made things harder at best,
And these words changing nothing
As your body remains,
And there's no room in this hell,
There's no room in the next,
And our memories defeat us,
And I'll end this direst.

But does anyone notice?
But does anyone care?
And if I had the guts to put this to your head...
But does anything matter if you're already dead?
And should I be shocked now by the last thing you said?
Before I pull this trigger,
Your eyes vacant and stained...
And in saying you loved me,
Made things harder at best,
And these words changing nothing
As your body remains,
And there's no room in this hell,
There's no room in the next,
But does anyone notice there's a corpse in this bed?"
"I Brought You My Bullets, You Brought Me Your Love",This Is The Best Day Ever,2002,"And we can run, from the backdrop of these gears and scalpels
At every hour goes the tick-tock bang of monitors as
They stared us down when we met in the emergency room
And in our beds, I could hear you breathe with help from cold machines

Every hour, on the hour, they drew blood

Well I felt I couldn't take, another day inside this place
From silent dreams we never wake, and in this promise that we'll make
Starless eyes for heaven's sake, but I hear you anyway
Well I thought I heard you
Say I like you, we can get out
We don't have to stay, stay inside this place

Someday, this day, we kept falling down
Someday, this day, set the ferris wheel ablaze
You left my heart an open wound
And I love you for
This day, someday we kept falling down
One day, this day all we had to keep us safe
And if we never sleep again, it would never end
Well I thought I heard you say to me
We'll go so far, far as we can
And I just can't stay, one day we'll run away"
"I Brought You My Bullets, You Brought Me Your Love",Cubicles,2002,"It's the tearing sound of love-notes
Drowning out these gray stained windows
And the view outside is sterile
And I'm only two cubes down
I'd photocopy all the things that we could be
If you took the time to notice me
But you can't now, I don't blame you
And it's not your fault that no one ever does

[Chorus:]
But you don't work here anymore
It's just a vacant three by four
And they might fill your place
A temporary stand-in for your face
This happens all the time
And I can't help but think I'll die alone

So I'll spend my time with strangers
A condition and it's terminal
In this water-cooler romance
And it's coming to a close
We could be in the park and dancing by a tree
Kicking over blades we see
Or a dark beach with a black view
And pin-pricks in the velvet catch our fall

[Chorus]

I know you don't work here anymore [x6]

Sometimes I think I'll die alone, sometimes I think I'll die alone
Sometimes I think I'll die alone, live and breathe and die alone
Sometimes I think I'll die alone, sometimes I think I'll die alone
Sometimes I think I'll die alone, I'd think I'd love to die alone

Just take
I think I'd love to die
Me down
I think I'd love to die
Just take
I think I'd love to die
Me down
I think I'd love to die alone [x4]
Live and breathe and die alone
I think I'd love to die alone [x2]

I think I'd love to die alone"
"I Brought You My Bullets, You Brought Me Your Love",Demolition Lovers,2002,"Hand in mine, into your icy blues
And then I'd say to you we could take to the highway
With this trunk of ammunition too
I'd end my days with you in a hail of bullets

I'm trying, I'm trying
To let you know just how much you mean to me
And after all the things we put each other through and

I would drive on to the end with you
A liquor store or two keeps the gas tank full
And I feel like there's nothing left to do
But prove myself to you and we'll keep it running

But this time, I mean it
I'll let you know just how much you mean to me
As snow falls on desert sky
Until the end of everything
I'm trying, I'm trying
To let you know how much you mean
As days fade, and nights grow
And we go cold

Until the end, until this pool of blood
Until this, I mean this, I mean this
Until the end of...

I'm trying, I'm trying
To let you know how much you mean
As days fade, and nights grow
And we go cold

But this time, we'll show them
We'll show them all how much we mean
As snow falls on desert sky
Until the end of every...

All we are, all we are
Is bullets I mean this
[x4]

As lead rains, will pass on through our phantoms
Forever, forever
Like scarecrows that fuel this flame we're burning
Forever, and ever
Know how much I want to show you you're the only one
Like a bed of roses there's a dozen reasons in this gun

And as we're falling down, and in this pool of blood
And as we're touching hands, and as we're falling down
And in this pool of blood, and as we're falling down
I'll see your eyes, and in this pool of blood
I'll meet your eyes, I mean this forever"
Three Cheers For Sweet Revenge,Helena,2004,"Long ago
Just like the hearse you die to get in again
We are so far from you

Burning on just like a match you strike to incinerate
The lives of everyone you know
And what's the worst you take (worst you take)
from every heart you break (heart you break)
And like the blade you stain (blade you stain)
Well I've been holding on tonight

What's the worst that I can say?
Things are better if I stay
So long and goodnight
So long and goodnight

Came a time
When every star fall brought you to tears again
We are the very hurt you sold
And what's the worst you take (worst you take)
from every heart you break (heart you break)
And like the blade you stain (blade you stain)
Well I've been holding on tonight

What's the worst that I can say?
Things are better if I stay
So long and goodnight
So long and goodnight
And if you carry on this way
Things are better if I stay
So long and goodnight
So long and goodnight

Can you hear me?
Are you near me?
Can we pretend to leave and then
We'll meet again
When both our cars collide?

What's the worst that I can say?
Things are better if I stay
So long and goodnight
So long and goodnight
And if you carry on this way
Things are better if I stay
So long and goodnight
So long and goodnight"
Three Cheers For Sweet Revenge,"Give 'Em Hell, Kid",2004,"Oh baby here comes the sound!
I took a train outta New Orleans and they shot me full of ephedrine.
This is how we like to do it in the murder scene.
Can we settle up the score?

[Chorus]
If you were here I'd never have a fear.
So go on live your life.
But I miss you more than I did yesterday.

You're beautiful!

Well I'm a total wreck and almost every day.
Like the firing squad or the mess you made.
Well don't I look pretty walking down the street.
In the best damn dress I own?

[Chorus]
If you were here I'd never have a fear.
So go on live your life.
But I miss you more than I did yesterday.
You're so far away.
So c'mon show me how.
'Cause I mean this more than words can ever say.

Some might say we are made from the sharpest things you say
We are young and we don't care. (oh whoa ow)
Your dreams and your hopeless hair. (oh whoa ow)
We never wanted it to be this way.
For all our lives.
Do you care {at all}?

[Chorus]
If you were here I'd never have a fear.
So go on live your life.
But I miss you more than I did yesterday.
You're so far away.
So c'mon show me how.
'Cause I mean this more than words can ever say.

(What'd you call me?)
(Well, there's no way I'm kissing that guy"
Three Cheers For Sweet Revenge,To The End,2004,"He calls the mansion not a house but a tomb.
He's always choking from the stench and the fume.
The wedding party all collapsed in the room.
So send my resignation to the bride and the groom.
Let's go down!
This elevator only goes up to ten.
He's not around.
He's always looking at men
Down by the pool.
He doesn't have many friends.
As they are
Face down and bloated snap a shot with the lens.

If you marry me,
Would you bury me?
Would you carry me to the end?

(So say goodbye) to the vows you take
(And say goodbye) to the life you make
(And say goodbye) to the heart you break
And all the cyanide you drank.

She keeps a picture of the body she lends.
Got nasty blisters from the money she spends.
She's got a life of her own and it shows by the Benz
She drives at 90 by the Barbies and Kens.
If you ever say never too late.
I'll forget all the diamonds you ate.
Lost in coma and covered in cake.
Increase the medication.
Share the vows at the wake.
(Kiss the bride)

If you marry me,
Would you bury me?
Would you carry me to the end?

(So say goodbye) to the vows you take
(And say goodbye) to the life you make
(And say goodbye) to the heart you break
And all the cyanide you drank.

(And say goodbye) to the last parade
(And walk away) from the choice you made
(And say goodnight) to the heart you break
And all the cyanide you drank.

(So say goodbye) to the vows you take
(And say goodbye) to the life you make
(And say goodbye) to the heart you break
And all the cyanide you drank.

(And say goodbye) to the last parade
(And walk away) from the choice you made
(And say goodnight) to the heart you break
And all the cyanide you drank.

To the last parade
When the parties fade
And the choice you made
To the End"
Three Cheers For Sweet Revenge,You Know What They Do To Guys Like Us In Prison,2004,"In the middle of a gun fight...
In the center of a restaurant...
They say, ""Come with your arms raised high!""
Well, they're never gonna get me,
Like a bullet through a flock of doves...
To wage this war against your faith in me,
Your life...will never be the same.
On your mother's eyes, say a prayer...say a prayer!

[Chorus]
Now, but I can't
And I don't know
How we're just two men as God had made us,
Well, I can't...well, I can!
Too much, too late, or just not enough of this
Pain in my heart for your dying wish,
I'll kiss your lips again.

They all cheat at cards and the checkers are lost,
My cellmate's a killer, they make me do push-ups (in drag)
But nobody cares if you're losing yourself...am I losing myself?!
Well, I miss my mom,
Will they give me the chair,
Or lethal injection, or swing from a rope if you dare;
Ah, nobody knows...all the trouble I've seen!

[Chorus]

To your room...
What they ask of you
Will make you want to say, ""So long...""
Well, I don't remember,
Why remember...YOU?!

Do you have the keys to the hotel?!
'Cause I'm gonna string this motherfucker on fire! (FIRE!!)

Life is but a dream for the dead,
And well I, I won't go down by myself,
But I'll go down with my friends.
Now now now now... (I can't explain)
Now now now... (I can't complain)
Now now, yeah!"
Three Cheers For Sweet Revenge,I'm Not Okay (I Promise),2004,"Well if you wanted honesty, that's all you had to say.
I never want to let you down or have you go, it's better off this way.
For all the dirty looks, the photographs your boyfriend took,
Remember when you broke your foot from jumping out the second floor?

I'm not okay
I'm not okay
I'm not okay
You wear me out

What will it take to show you that it's not the life it seems?
(I'm not okay)
I've told you time and time again you sing the words but don't know what it means
(I'm not okay)
To be a joke and look, another line without a hook
I held you close as we both shook for the last time take a good hard look!

I'm not okay
I'm not okay
I'm not okay
You wear me out

Forget about the dirty looks
The photographs your boyfriend took
You said you read me like a book, but the pages all are torn and frayed

I'm okay
I'm okay!
I'm okay, now
(I'm okay, now)

But you really need to listen to me
Because I'm telling you the truth
I mean this, I'm okay!
(Trust Me)

I'm not okay
I'm not okay
Well, I'm not okay
I'm not o-fucking-kay
I'm not okay
I'm not okay
(Okay)"
Three Cheers For Sweet Revenge,The Ghost Of You,2004,"I never said I'd lie and wait forever
If I died, we'd be together
I can't always just forget her
But she could try

At the end of the world
Or the last thing I see
You are
Never coming home
Never coming home
Could I? Should I?
And all the things that you never ever told me
And all the smiles that are ever ever...
Ever...

Get the feeling that you're never
All alone and I remember now
At the top of my lungs in my arms she dies
She dies

At the end of the world
Or the last thing I see
You are
Never coming home
Never coming home
Could I? Should I?
And all the things that you never ever told me
And all the smiles that are ever gonna haunt me
Never coming home
Never coming home
Could I? Should I?
And all the wounds that are ever gonna scar me
For all the ghosts that are never gonna catch me

If I fall
If I fall (down)

At the end of the world
Or the last thing I see
You are
Never coming home
Never coming home
Never coming home
Never coming home
And all the things that you never ever told me
And all the smiles that are ever gonna haunt me
Never coming home
Never coming home
Could I? Should I?
And all the wounds that are ever gonna scar me
For all the ghosts that are never gonna"
Three Cheers For Sweet Revenge,The Jetset Life Is Gonna Kill You,2004,"Gaze into her killing jar
I'd sometimes stare for hours (sometimes stare for hours).
She even poked the holes so I can breathe.
She bought the last line.
I'm just the worst kind.
Of guy to argue.
With what you might find.
And for the last night I lie.
Could I lie with you?

Alright, give up, get down
It's just the hardest part of living.
Alright, she wants
It all to come down this time.

Lost in the prescription
she's got something else in mind (something else in mind).
Check into the Hotel Bella Muerte.
It gives the weak flight.
It gives the blind sight.
Until the cops come.
Or by the last light.
And for the last night I lie.
Could I lie next to you?

Alright, give up, get down
It's just the hardest part of living.
Alright, she wants
It all to come down this time.

Alright, give up, get down
It's just the hardest part of living.
Alright, she wants
It all to come down this time.

Pull the plug.
But I'd like to learn your name.
And holding on.
Well I hope you do the same.
Aw sugar.
Slip into the tragedy you've spun this chamber dry.

Alright, give up, get down
It's just the hardest part of living.
Alright, she wants
It all to come down this time.

Alright, give up, get down
It's just the hardest part of living.
Alright, she wants
It all to come down this time.

Pull the plug.
But I'd like to learn your name.
And holding on.
Well I hope you do the same.
Aw sugar."
Three Cheers For Sweet Revenge,Interlude,2004,"Saints protect her now
Come angels of the lord,
Come angels of unknown"
Three Cheers For Sweet Revenge,Thank You For The Venom,2004,"Sister, I'm not much a poet, but a criminal
And you never had a chance
Love it, or leave it, you can't understand
A pretty face, but you do so carry on,
and on,
and on

I wouldn't front the scene if you paid me
I'm just the way that the doctor made me, on,
and on,
and on,
and on
Love is the red the rose on your coffin door
What's life like, bleeding on the floor,
the floor,
the floor

You'll never make me leave
I wear this on my sleeve
Give me a reason to believe

[Chorus]
So give me all your poison
And give me all your pills
And give me all your hopeless hearts
And make me ill
You're running after something
That you'll never kill
If this is what you want
Then fire at will

Preach all you want but who's gonna save me?
I keep a gun on the book you gave me, hallelujah, lock and load
Black is the kiss, the touch of the serpent son
It ain't the mark or the scar that makes you one,
and one,
and one,
and one

You'll never make me leave
I wear this on my sleeve
Give me a reason to believe

[Chorus]
So give me all your poison
And give me all your pills
And give me all your hopeless hearts
And make me ill
You're running after something
That you'll never kill
If this is what you want
Then fire at will

You'll never make me leave
I wear this on my sleeve
You wanna follow something
Give me a better cause to lead
Just give me what I need
Give me a reason to believe

[Chorus]
So give me all your poison
And give me all your pills
And give me all your hopeless hearts
And make me ill
You're running after something
That you'll never kill
If this is what you want
Then fire at will

[Chorus]
So give me all your poison (Fire at will)
And give me all your pills
And give me all your hopeless hearts (Fire at will)
And make me ill
You're running after something (Fire at will)
That you'll never kill
If this is what you want (Fire at will)
Then fire at will"
Three Cheers For Sweet Revenge,Hang 'Em High,2004,"Wait until it fades to black
Ride into the sunset
Would I lie to you?
Well, I've got something to say
Grab your six-gun from your back
Throttle the ignition
Would I die for you?
Well here's your answer in spades

Shotgun sinners
Wild eyed jokers
Got you in my sights
Gun it while I'm holding on

After all is said and done
Climb out from the pine box
Well I'm asking you
'Cause she's got nothing to say
The angels just cut out her tongue
Call her black Mariah
Would I lie to you?
That girl's not right in the brain

Mass convulsions
Strike the choir
By the grace of God
Gun it while I'm holding on

But don't stop if I fall
And don't look back
Oh baby don't stop
Bury me and fade to black

She won't stop me put it down
She won't stop me put it down
She won't stop me put it down
So get your gun and meet me by the door
[x3]

She won't stop me put it down
She won't stop me put it down
She won't stop me put it down
So baby...

Don't stop if I fall
And don't look back
Oh baby don't stop
Bury me and fade to black
[x2]

...Well don't stop..."
Three Cheers For Sweet Revenge,"It's Not A Fashion Statement, It's A Deathwish",2004,"For what you did to me,
And what I'll do to you,
You get, what everyone else gets,
You get a lifetime

Let's go!

Do you remember that day when we met
You told me this gets harder
Well it did
Been holding on forever,
Promise me that when I'm gone you'll kill my enemies,
The damage you've inflicted, temporary wounds
I'm coming back from the dead and I'll take you home with me
I'm taking back the life you stole

We never got that far,
This helps me to think all through the night
Bright lights that won't kill me now, or tell me how
Just you and I, your starless eyes remain.

Hip Hip Hooray for me, you talk to me, but would you kill me in my sleep
Lay still like the dead
From the razor to the rosary
We could lose ourselves
And paint these walls in pitchfork red

I will avenge my ghost with every breath I take
I'm coming back from the dead and I'll take you home with me
I'm taking back the life you stole

This hole you put me in
Wasn't deep enough
And I'm climbing out right now
You're running out of places to hide from me
When you go
Just know that I will remember you
If living was the hardest part
We'll then one day be together
And in the end we'll fall apart
Just like the leaves change in colors
And then I will be with you
I will be there one last time now

When you go
Just know that I will remember you

I've lost my fear of falling
I will be with you
I will be with you"
Three Cheers For Sweet Revenge,Cemetery Drive,2004,"This night, walk the dead
In a solitary style
And crash the cemetery gates.
In the dress your husband hates
Way down, mark the grave
Where the search lights find us
Drinking by the mausoleum door
And they found you on the bathroom floor

I miss you, I miss you so far
And the collision of your kiss that made it so hard

Back home, off the run
Singing songs that make you slit your wrists
It isn't that much fun, staring down a loaded gun
So I won't stop dying, won't stop lying (are you there at all?)
If you want I'll keep on crying (do you care at all?)
Did you get what you deserve? (are you there at all?)
Is this what you always want me for?

I miss you, I miss you so far
And the collision of your kiss that made it so hard

Way down, way down
Way down, way down
Way down, way down
Way down, way down

I miss you, I miss you so far
And the collision of your kiss that made it so hard

When will I miss you, when will I miss you so far
And the collision of your kiss that made it so hard
Made it so hard

Way down, way down
Way down, way down
Way down, way down
Way down, way down
Way down"
Three Cheers For Sweet Revenge,I Never Told You What I Do For A Living,2004,"Stay out of the light
Or the photograph that I gave you
You can say a prayer if you need to
Or just get in line and I'll grieve you
Can I meet you, alone
Another night and I'll see you
Another night and I'll be you
Some other way to continue
To hide my face

Another knife in my hands
A stain that never comes off the sheets
Clean me off
I'm so dirty babe
The kind of dirty where the water never cleans off the clothes
I keep a book of the names and those

Only go so far 'til you bury them
So deep and down we go

Touched by angels, though I fall out of grace
I did it all so maybe I'd live this every day

Another knife in my hands
A stain that never comes off the sheets
Clean me off
I'm so dirty babe
It ain't the money and it sure as hell ain't just for the fame
It's for the bodies I claim and lose

Only go so far 'til you bury them
So deep and down we go

Down

And down we go
And down we go
And down we go
And we all fall down

I tried
I tried

And we'll all dance alone to the tune of your death
We'll love again, we'll laugh again
And it's better off this way

And never again, and never again
They gave us two shots to the back of the head
And we're all dead now.

Well never again, and never again
They gave us two shots to the back of the head
And we're all dead now.

Well I tried
One more night
One more night
well I'm laughin' out, cryin' out, laughin' out loud
I tried, well I tried, well I tried,
'Cause I tried, but I lied
I lied

I tried
I tried
I tried, well

And we'll love again, we'll laugh again
We'll cry again and we'll dance again
And it's better off this way
So much better off this way
I can't clean the blood off the sheets in my bed

And never again, and never again
They gave us two shots to the back of the head
And we're all dead now"
The Black Parade,The End,2006,"Now come one come all to this tragic affair
Wipe off that makeup, what's in is despair
So throw on the black dress, mix in with the lot
You might wake up and notice you're someone you're not

If you look in the mirror and don't like what you see
You can find out firsthand what it's like to be me
So gather 'round piggies and kiss this goodbye
I'd encourage your smiles I'll expect you won't cry

Another contusion, my funeral jag
Here's my resignation, I'll serve it in drag
You've got front row seats to the penitence ball
When I grow up I want to be nothing at all!

I said yeah, yeah!
I said yeah, yeah!

C'mon C'mon C'mon I said
(Save me!) Get me the hell out of here
(Save me!) Too young to die and my dear
(You can't!) If you can hear me just walk away and
(Take me!)"
The Black Parade,Dead!,2006,"Yeah!

And if your heart stops beating
I'll be here wondering
Did you get what you deserve?
The ending of your life
And if you get to heaven
I'll be here waiting, babe
Did you get what you deserve?
The end, and if your life won't wait
Then your heart can't take this

Have you heard the news that you're dead?
No one ever had much nice to say
I think they never liked you anyway
Oh take me from the hospital bed
Wouldn't it be grand? It ain't exactly what you planned.
And wouldn't it be great If we were dead?
Ohh dead.

Tongue-tied and oh so squeamish
You never fell in love
Did you get what you deserve?
The ending of your life
And if you* get to heaven
I'll be here waiting, babe
Did you get what you deserve?
The end, and if your life won't wait
Then your heart can't take this

Have you heard the news that you're dead?
No one ever had much nice to say
I think they never liked you anyway
Oh take me from the hospital bed
Wouldn't it be grand to take a pistol by the hand?
And wouldn't it be great if we were dead?

And in my honest observation
During this operation
Found a complication in your heart
So long, 'Cause now you've got (now you've got)
Maybe just two weeks to live
Is that the most the both of you can give?

One, two, one two three four!

LA LA LA LA LA!
LA LA LA LA LA LA!
LA LA LA LA LA LA LA!
Well come on,
LA LA LA LA LA!
LA LA LA LA LA LA!
LA LA LA LA LA LA LA!
Oh motherfucker,

If life ain't just a joke (LA LA LA LA LA!)
Then why are we laughing? (LA LA LA LA LA LA!)
If life ain't just a joke (LA LA LA LA LA LA LA!)
Then why are we laughing?
If life ain't just a joke (LA LA LA LA LA!)
Then why are we laughing? (LA LA LA LA LA LA!)
If life ain't just a joke (LA LA LA LA LA LA LA!)
Then why am I dead?
DEAD!"
The Black Parade,This Is How I Disappear,2006,"GO!

To un-explain the unforgivable,
Drain all the blood and give the kids a show.
By streetlight this dark night,
A s√©ance down below.
There're things that I have done,
You never should ever know!

And without you is how I disappear,
And live my life alone forever now.
And without you is how I disappear,
And live my life alone forever now.

Who walks among the famous living dead,
Drowns all the boys and girls inside your bed.
And if you could talk to me,
Tell me if it's so,
That all the good girls go to heaven.
Well, heaven knows

That without you is how I disappear,
And live my life alone forever now.
And without you is how I disappear,
And live my life alone forever now.

Can you hear me cry out to you?
Words I thought I'd choke on figure out.
I'm really not so with you anymore.
I'm just a ghost,
So I can't hurt you anymore,
So I can't hurt you anymore.

And now, you wanna see how far down I can sink?
Let me go, fuck!
So, you can, well now so, you can
I'm so far away from you.
Well now so, you can.

And without you is how I disappear,
And without you is how I disappear,
Whoa whoa... (And without you is how I disappear)
Whoa whoa... (And without you... is how, is how, is how...)
Forever, forever now!"
The Black Parade,The Sharpest Lives,2006,"Well it rains and it pours
When you're out on your own
If I crash on the couch
Can I sleep in my clothes?
'Cause I've spent the night dancing
I'm drunk, I suppose
If it looks like I'm laughing
I'm really just asking to leave

This alone, you're in time for the show
You're the one that I need
I'm the one that you loathe
You can watch me corrode like a beast in repose
'Cause I love all the poison
Away with the boys in the band

I've really been on a bender and it shows
So why don't you blow me a kiss before she goes?

Give me a shot to remember
And you can take all the pain away from me
A kiss and I will surrender
The sharpest lives are the deadliest to lead
A light to burn all the empires
So bright the sun is ashamed to rise and be
In love with all of these vampires
So you can leave like the sane abandoned me

There's a place in the dark where the animals go
You can take off your skin in the cannibal glow
Juliet loves the beat and the lust it commands
Drop the dagger and lather the blood on your hands, Romeo

I've really been on a bender and it shows
So why don't you blow me a kiss before she goes?

Give me a shot to remember
And you can take all the pain away from me
A kiss and I will surrender
The sharpest lives are the deadliest to lead
A light to burn all the empires
So bright the sun is ashamed to rise and be
In love with all of these vampires
So you can leave like the sane abandoned me"
The Black Parade,Welcome To The Black Parade,2006,"When I was a young boy,
My father took me into the city
To see a marching band.

He said, ""Son when you grow up,
would you be the saviour of the broken,
the beaten and the damned?""
He said ""Will you defeat them,
your demons, and all the non-believers,
the plans that they have made?""
""Because one day I'll leave you,
A phantom to lead you in the summer,
To join The Black Parade.""

When I was a young boy,
My father took me into the city
To see a marching band.
He said, ""Son when you grow up,
would you be the saviour of the broken,
the beaten and the damned?""

Sometimes I get the feeling she's watching over me.
And other times I feel like I should go.
And through it all, the rise and fall, the bodies in the streets.
And when you're gone we want you all to know.

We'll carry on,
We'll carry on
And though you're dead and gone believe me
Your memory will carry on
We'll carry on
And in my heart I can't contain it
The anthem won't explain it.

A world that sends you reeling from decimated dreams
Your misery and hate will kill us all.
So paint it black and take it back
Let's shout it loud and clear
Defiant to the end we hear the call

To carry on
We'll carry on
And though you're dead and gone believe me
Your memory will carry on
We'll carry on
And though you're broken and defeated
Your weary widow marches

On and on we carry through the fears
Ooh oh ohhhh
Disappointed faces of your peers
Ooh oh ohhhh
Take a look at me cause I could not care at all

Do or die, you'll never make me
Because the world will never take my heart
Go and try, you'll never break me
We want it all, we wanna play this part
I won't explain or say I'm sorry
I'm unashamed, I'm gonna show my scar
Give a cheer for all the broken
Listen here, because it's who we are
I'm just a man, I'm not a hero
Just a boy, who had to sing this song
I'm just a man, I'm not a hero
I! don't! care!

We'll carry on
We'll carry on
And though you're dead and gone believe me
Your memory will carry on
We'll carry on
And though you're broken and defeated
Your weary widow marches on

Do or die, you'll never make me
Because the world will never take my heart
Go and try, you'll never break me
We want it all, we wanna play this part (We'll carry on)

Do or die, you'll never make me (We'll carry on)
Because the world will never take my heart (We'll carry on)
Go and try, you'll never break me (We'll carry)
We want it all, we wanna play this part (We'll carry on)"
The Black Parade,I Don't Love You,2006,"Well, when you go
Don't ever think I'll make you try to stay
And maybe when you get back
I'll be off to find another way

And after all this time that you still owe
You're still the good-for-nothing I don't know
So take your gloves and get out
Better get out
While you can

When you go
Would you even turn to say
""I don't love you
Like I did
Yesterday""

Sometimes I cry so hard from pleading
So sick and tired of all the needless beating
But baby when they knock you
Down and out
It's where you oughta stay

And after all the blood that you still owe
Another dollar's just another blow
So fix your eyes and get up
Better get up
While you can
Whoa, whooa

When you go
Would you even turn to say
""I don't love you
Like I did
Yesterday""

Well come on, come on

When you go
Would you have the guts to say
""I don't love you
Like I loved you
Yesterday""

I don't love you
Like I loved you
Yesterday

I don't love you
Like I loved you
Yesterday"
The Black Parade,House Of Wolves,2006,"Well, I know a thing about contrition,
Because I got enough to spare.
And I'll be granting your permission,
'Cause you haven't got a prayer.
Well I said hey, hey hallelujah,
I'm gonna come on sing the praise.
And let the spirit come on through ya,
We got innocence for days!

Well, I think I'm gonna burn in hell,
Everybody burn the house right down.

And say, ha
What I wanna say
Tell me I'm an angel,
Take this to my grave.
Tell me I'm a bad man,
Kick me like a stray.
Tell me I'm an angel,
Take this to my grave.

(S-I-N, I S-I-N
S-I-N, I S-I-N
S-I-N, I S-I-N
S-I-N, I S-I-N)

You play ring around the ambulance,
Well like you never gave a care.
So get the choir boys around you,
It's a compliment, I swear.
And I said, ashes to ashes, we all fall down,
I wanna hear you sing the praise,
I said, ashes to ashes, we all fall down,
We got innocence for days!

Well, I think I'm gonna burn in hell,
Everybody burn the house right down.

And say, ha
What I wanna say
Tell me I'm an angel,
Take this to my grave.
Tell me I'm a bad man,
Kick me like a stray.
Tell me I'm an angel,
Take this to my grave.

You better run like the devil,
'Cause they're never gonna leave you alone!
You better hide up in the alley,
'Cause they're never gonna find you a home!
And as the blood runs down the walls,
You see me creepin' up these halls.
I've been a bad motherfucker
Tell your sister I'm another
Go! Go! Go!

And I said, say,
What I wanna say
Tell me I'm an angel,
Take this to my grave.
Tell me I'm a bad man,
Kick me like a stray.
Tell me I'm an angel,
Take this to my grave.

Tell me I'm a bad, bad, bad, bad man.
Tell me I'm a bad, bad, bad, bad man.
Tell me I'm a bad, bad, bad, bad man.
Tell me I'm a bad, bad, bad, bad man.
So get up!
So get out!
S-I-N, I S-I-N!"
The Black Parade,Cancer,2006,"Turn away,
If you could get me a drink
Of water 'cause my lips are chapped and faded
Call my aunt Marie
Help her gather all my things
And bury me in all my favorite colors,
My sisters and my brothers, still,
I will not kiss you,
'Cause the hardest part of this is leaving you.

Now turn away,
'Cause I'm awful just to see
'Cause all my hairs abandoned all my body,
Oh, my agony,
Know that I will never marry,
Baby, I'm just soggy from the chemo
But counting down the days to go
It just ain't living
And I just hope you know

That if you say (if you say)
Goodbye today (goodbye today)
I'd ask you to be true (cause I'd ask you to be true)

'Cause the hardest part of this is leaving you
'Cause the hardest part of this is leaving you"
The Black Parade,Mama,2006,"Mama, we all go to hell.
Mama, we all go to hell.
I'm writing this letter and wishing you well,
Mama, we all go to hell.

Oh, well, now,
Mama, we're all gonna die.
Mama, we're all gonna die.
Stop asking me questions, I'd hate to see you cry,
Mama, we're all gonna die.

And when we go don't blame us, yeah.
We'll let the fires just bathe us, yeah.
You made us, oh, so famous.
We'll never let you go.
And when you go don't return to me my love.

Mama, we're all full of lies.
Mama, we're meant for the flies.
And right now they're building a coffin your size,
Mama, we're all full of lies.

Well Mother, what the war did to my legs and to my tongue,
You should've raised a baby girl,
I should've been a better son.
If you could coddle the infection
They can amputate at once.
You should've been,
I could have been a better son.

And when we go don't blame us, yeah.
We'll let the fires just bathe us, yeah.
You made us, oh, so famous.
We'll never let you go.

She said: ""You ain't no son of mine
For what you've done they're gonna find
A place for you
And just you mind your manners when you go.
And when you go, don't return to me, my love.""
That's right.

Mama, we all go to hell.
Mama, we all go to hell.
It's really quite pleasant
Except for the smell,
Mama, we all go to hell.

2 - 3 - 4
Mama! Mama! Mama! Ohhh!
Mama! Mama! Mama! Ma...

[Liza Minelli:] And if you would call me your sweetheart,
I'd maybe then sing you a song

[Gerard Way:] But there's shit that I've done with this fuck of a gun,
You would cry out your eyes all along.

We're damned after all.
Through fortune and flame we fall.
And if you can stay then I'll show you the way,
To return from the ashes you call.

We all carry on (We all carry on)
When our brothers in arms are gone (When our brothers in arms are gone)
So raise your glass high
For tomorrow we die,
And return from the ashes you call"
The Black Parade,Sleep,2006,"There are these terrors. And it's like, it feels like as if somebody was gripping my...
There are these terrors. And it's like, it feels like as if somebody was gripping my throat
Like last night, they are not like tremors, they are worse than tremors, there are these terrors
Like last night, they are not like tremors, they are worse than tremors, there are these terrors
And it's like, it feels like as if somebody was gripping my throat and squeezing and
It feels like as if somebody was gripping my throat

Some say, now suffer all the children
And walk away a savior
Or a madman and polluted
From gutter institutions
Don't you breathe for me
Undeserving of your sympathy
Cause there ain't no way that I'm sorry for what I did

And through it all
How could you cry for me?
Cause I don't feel bad about it
So shut your eyes
Kiss me goodbye
And sleep
Just sleep

The hardest part is letting go of your dreams

A drink for the horror that I'm in
For the good guys, and the bad guys
For the monsters that I've been
Three cheers for tyranny
Unapologetic apathy
Cause there ain't no way that I'm coming back again

And through it all
How could you cry for me?
Cause I don't feel bad about it
So shut your eyes
Kiss me goodbye
And sleep
Just sleep

The hardest part's the awful things that I've seen

...Sometimes I see flames.
And sometimes I see people that I love dying and... it's always...

Just sleep
Just sleep
Just sleep
Just sleep
Just sleep
Just sleep

Wake up
Wake up
Wake up
Wake up
Wake up

And I can't... I can't ever wake up."
The Black Parade,Teenagers,2006,"They're gonna clean up your looks
With all the lies in the books
To make a citizen out of you
Because they sleep with a gun
And keep an eye on you, son
So they can watch all the things you do

Because the drugs never work
They're gonna give you a smirk
'Cause they got methods of keeping you clean
They're gonna rip up your heads,
Your aspirations to shreds
Another cog in the murder machine

They said all teenagers scare the living shit out of me
They could care less as long as someone'll bleed
So darken your clothes or strike a violent pose
Maybe they'll leave you alone, but not me

The boys and girls in the clique
The awful names that they stick
You're never gonna fit in much, kid
But if you're troubled and hurt
What you got under your shirt
Will make them pay for the things that they did

They said all teenagers scare the living shit out of me
They could care less as long as someone'll bleed
So darken your clothes or strike a violent pose
Maybe they'll leave you alone, but not me

Ohhh yeah!

They said all teenagers scare the living shit out of me
They could care less as long as someone'll bleed
So darken your clothes or strike a violent pose
Maybe they'll leave you alone, but not me

All together now!

Teenagers scare the living shit out of me
They could care less as long as someone'll bleed
So darken your clothes or strike a violent pose
Maybe they'll leave you alone, but not me"
The Black Parade,Disenchanted,2006,"Well I was there on the day
They sold the cause for the queen,
And when the lights all went out
We watched our lives on the screen.
I hate the ending myself,
But it started with an alright scene.

It was the roar of the crowd
That gave me heartache to sing.
It was a lie when they smiled
And said, ""you won't feel a thing""
And as we ran from the cops
We laughed so hard it would sting

Yeah yeah, oh

If I'm so wrong (so wrong, so wrong)
How can you listen all night long? (night long, night long)
Now will it matter after I'm gone?
Because you never learn a goddamned thing.

You're just a sad song with nothing to say
About a life long wait for a hospital stay
And if you think that I'm wrong,
This never meant nothing to ya

I spent my high school career
Spit on and shoved to agree
So I could watch all my heroes
Sell a car on tv
Bring out the old guillotine
We'll show 'em what we all mean.

Yeah yeah, oh

If I'm so wrong (so wrong, so wrong)
How can you listen all night long? (night long, night long)
Now will it matter long after I'm gone?
Because you never learn a goddamned thing.

You're just a sad song with nothing to say
About a life long wait for a hospital stay
And if you think that I'm wrong,
This never meant nothing to ya

So go, go away, just go, run away.
But where did you run to? And where did you hide?
Go find another way, price you pay

Woah, Woah, Woah, Woah, Woah, Woah

You're just a sad song with nothing to say
About a life long wait for a hospital stay
And if you think that I'm wrong,
This never meant nothing to ya, come on

You're just a sad song with nothing to say
About a life long wait for a hospital stay
And if you think that I'm wrong,
This never meant nothing to ya

At all, at all, at all, at all"
The Black Parade,Famous Last Words,2006,"Now I know
That I can't make you stay
But where's your heart?
But where's your heart?
But where's your...

And I know
There's nothing I can say
To change that part
To change that part
To change...

So many
Bright lights, they cast a shadow
But can I speak?
Well is it hard understanding
I'm incomplete
A life that's so demanding
I get so weak
A love that's so demanding
I can't speak

I am not afraid to keep on living
I am not afraid to walk this world alone
Honey if you stay, I'll be forgiven
Nothing you can say can stop me going home

Can you see
My eyes are shining bright
'Cause I'm out here
On the other side
Of a jet black hotel mirror
And I'm so weak
Is it hard understanding
I'm incomplete
A love that's so demanding
I get weak

I am not afraid to keep on living
I am not afraid to walk this world alone
Honey if you stay, I'll be forgiven
Nothing you can say can stop me going home

I am not afraid to keep on living
I am not afraid to walk this world alone
Honey if you stay, I'll be forgiven
Nothing you can say can stop me going home

These bright lights have always blinded me
These bright lights have always blinded me
I say

I see you lying next to me
With words I thought I'd never speak
Awake and unafraid
Asleep or dead

(How can I see, I see you lying) 'Cause I see you lying next to me
(How can I see, I see you lying) With words I thought I'd never speak
(How can I see, I see you lying) Awake and unafraid
(How can I see, I see you lying) Asleep or dead

'Cause I see you lying next to me
With words I thought I'd never speak
Awake and unafraid
Asleep or dead

'Cause I see you lying next to me
With words I thought I'd never speak
Awake and unafraid
Asleep or dead

I am not afraid to keep on living
I am not afraid to walk this world alone
(Or dead)
Honey if you stay, I'll be forgiven
Nothing you can say can stop me going home
(Or dead)
I am not afraid to keep on living
I am not afraid to walk this world alone
(Or dead)
Honey if you stay, I'll be forgiven
Nothing you can say can stop me going home
(Or dead)
I am not afraid to keep on living
I am not afraid to walk this world alone
(Or dead)
Honey if you stay, I'll be forgiven
Nothing you can say can stop me going home"
The Black Parade,Blood,2006,"Well they encourage your complete cooperation,
Send you roses when they think you need to smile.
I can't control myself because I don't know how,
And they love me for it honestly, I'll be here for a while.

So give them blood, blood, gallons of the stuff!
Give them all that they can drink and it will never be enough.
So give them blood, blood, blood.
Grab a glass because there's going to be a flood!

A celebrated man amongst the gurneys.
They can fix me proper with a bit of luck.
The doctors and the nurses they adore me so,
But it's really quite alarming cause I'm such an awful fuck. (Oh thank you!)

I gave you blood, blood, gallons of the stuff,
I gave you all that you can drink and it has never been enough.
I gave you blood, blood, blood,
I'm the kind of human wreckage that you love!"
Danger Days: The True Lives Of The Fabulous Killjoys,"Look Alive, Sunshine",2010,"Look alive, Sunshine
109 in the sky but the pigs won't quit
You're here with me: Dr. Death Defying
I'll be your surgeon, your proctor, your helicopter
Pumpin' out the slaughtermatic sounds to keep you alive
A system failure for the masses, anti-matter for the master plan
Louder than God's revolver and twice as shiny

This one's for all of you rock'n'rollers
All you crash queens and motor babies

Listen up!
The future is bulletproof!
The aftermath is secondary!
It's time to do it now and do it loud!
Killjoys, make some noise!"
Danger Days: The True Lives Of The Fabulous Killjoys,Na Na Na,2010,"(Na Na Na...)

Drugs, gimme drugs, gimme drugs
I don't need it, but I'll sell what you got
Take the cash and I'll keep it
Eight legs to the wall
Hit the gas, kill 'em all
And we crawl, and we crawl, and we crawl
You be my detonator

Love, gimme love, gimme love
I don't need it, but I'll take what I want from your heart
And I'll keep it in a bag, in a box
Put an X on the floor
Gimme more, gimme more, gimme more
Shut up and sing it with me

(Na Na Na...)

From mall security
To every enemy
We're on your property
Standing in V formation

(Na Na Na...)

Let's blow an artery
Eat plastic surgery
Keep your apology
Give us more detonation

(More! Gimme more! Gimme more!)

Oh, Let me tell you 'bout the sad man
Shut up and let me see your jazz hands
Remember when you were a madman
Thought you was Batman
And hit the party with a gas can
Kiss me you animal

(Na Na Na...)

You run the company
Fuck like a Kennedy
I think we'd rather be
Burning your information

Let's blow an artery
Eat plastic surgery
Keep your apology
Give us more detonation

And right here
Right now
All the way in Battery City
The little children
Raise their open filthy palms
Like tiny daggers up to heaven
And all the juvee halls
And the Ritalin rats
Ask the angels made from neon
and fucking garbage scream out ""What will save us?""
And the sky opened up

Everybody wants to change the world
Everybody wants to change the world
But no one,
No one wants to die
Wanna try, wanna try, wanna try
Wanna try, wanna try, now!
I'll be your detonator

(Na Na Na...)

Make no apology
It's death or victory
On my authority
Crash and burn
Young and loaded

Drop like a bullet shell
Dress like a sleeper cell
I'd rather go to hell
Then be in purgatory
Cut my hair
Gag and bore me
Pull this pin
Let this world explode"
Danger Days: The True Lives Of The Fabulous Killjoys,Bulletproof Heart,2010,"Gravity
Don't mean too much to me
I'm who I've got to be
These pigs are after me,
After you

Run away,
Like it was yesterday
And we could run away
If we could run away,
Run away from here

I got a bulletproof heart
You got a hollow point smile
Me and your runaway scars,
Got a photograph dream on the getaway mile

Let's blow a hole in this town
And do our talking with a laser blade
Gunnin' out of this place in a bullet's embrace
Then we'll do it again

How can they say,
""Jenny could you come back home?""
'Cause everybody knows you don't
Ever wanna come back,
let me be the one to save you

Gravity
Don't mean too much to me
I'm who I've got to be
These pigs are after me,
After you

Run away
Like it was yesterday
When we could run away,
When we could run away,
Run away from here

I'm shootin' out of this room
Because I sure don't like the company
Stop your preaching right there 'cause I really don't care
And I'll do it again

So get me out of my head
'Cause it's getting kinda cramped, you know
Coming ready or not when the motor gets hot
We can do it again

The papers say,
""Johnny won't you come back home?""
'Cause everybody knows you don't
Want to give yourself up, tell the truth
And God will save you

Gravity
Don't mean too much to me
I'm who I've got to be
These pigs are after me,
After you

Run away
Like it was yesterday
And we could run away,
If we could run away,
Run away from here

And though I know how much you hate this
Are you gonna be the one to save us?
From the black and hopeless feeling?
Will you mean it when the end comes reeling?

Hold your heart into this darkness
Will it ever be the light to shine you out
Or fall and leave you stranded
I ain't gonna be the one left standing
You ain't gonna be the one left standing
We ain't gonna be the ones left standing

Gravity
Don't mean too much to me
Is this our destiny?
This world is after me,
After you

Run away
Like it was yesterday
And we could run away,
Run away, run away,
Run away from here
Yeah, away from here
Away from here"
Danger Days: The True Lives Of The Fabulous Killjoys,SING,2010,"Sing it out, boy, you got to see what tomorrow brings
Sing it out, girl, you got to be what tomorrow needs
For every time that they want to count you out
Use your voice, every single time you open up your mouth

Sing it for the boys,
Sing it for the girls
Everytime that you lose it, sing it for the world
Sing it from the heart
Sing it till you're nuts
Sing it out for the ones that'll hate your guts
Sing it for the deaf
Sing it for the blind
Sing about everyone that you left behind
Sing it for the world
Sing it for the world

Sing it out, boy, they're gonna sell what tomorrow means
Sing it out, girl, before they kill what tomorrow brings
You've got to make a choice
If the music drowns you out
And raise your voice
Every single time they try and shut your mouth

Sing it for the boys,
Sing it for the girls
Everytime that you lose it, sing it for the world
Sing it from the heart
Sing it till you're nuts
Sing it out for the ones that'll hate your guts
Sing it for the deaf
Sing it for the blind
Sing about everyone that you left behind
Sing it for the world
Sing it for the world

Cleaned up corporation progress
Dying in the process,
Children that can talk about it
Living on the webways,
People moving sideways
Sell it till your last days
Buy yourself the motivation
Generation nothing
Nothing but a dead scene
Product of a white dream
I am not the singer that you wanted, but a dancer
I refuse to answer
Talk about the past, Sir
Wrote it for the ones who want to get away
Keep running

Sing it for the boys,
Sing it for the girls
Everytime that you lose it, sing it for the world
Sing it from the heart
Sing it till you're nuts
Singing out for the ones that'll hate your guts
Sing it for the deaf
Sing it for the blind
Sing about everyone that you left behind
Sing it for the world
Sing it for the world
You've got to see what tomorrow brings
Sing it for the world
Sing it for the world
Girl, you've got to be what tomorrow needs
Sing it for the world
Sing it for the world"
Danger Days: The True Lives Of The Fabulous Killjoys,Planetary (GO!),2010,"There might be something outside your window
But you just never know
There could be something right past the turnpike gates
But you'll just never know

If my velocity starts to make you sweat,
Then just don‚Äôt let go
And if their Heaven ain‚Äôt got a vacancy
Then we just, then we just, then we just
Then we just get up and go!

Ladies and gentlemen:
Truth is now acceptable
Fame is now injectable
Process the progress
This core is critical
Faith is unavailable
Lives become incredible
Now, please understand that,

I can't slow down
I won't be waiting for you
I can't stop now
Because I'm dancing
This planet's ours to defend
Ain't got no time to pretend
Don't fuck around,
This is our last chance

If my velocity starts to make you sweat
Then just don‚Äôt let go
'Cause the emergency room got no vacancy
And we just, and we just, and we just
And we just get up and go!

(Who) they want you to be
(Who) they wanted to see
(Go) kill the party with me
And never go home
(Who) they want you to be
(Who) they wanted to see
Just leave the party with me, and never go home

You're unbelievable
Ah, so unbelievable
Ah, you ruin everything
Oh, you better go home
I'm unbelievable
Yeah, I'm undefeatable
Yeah, let‚Äôs ruin everything,
Blast it to the back row

They sell presentable
Young, and so ingestible
Sterile and collectible
Safe, and I can't stand it
This is a letter my word
Is the berretta
The sound of my vendetta
Against the ones who planned it

If my velocity starts to make you sweat
Then just don‚Äôt let go
'Cause the emergency room got no vacancy
Tell me who do you trust,
Do you trust
And we just
Get up and go!

(Who) they want you to be
(Who) they wanted to see
(Go) kill the party with me
And never go home
(Who) they want you to be
(Who) they wanted to see
Just leave the party with me, and never go home

You keep eternity,
Give us the radio
Deploy the battery,
We‚Äôre taking back control
Engage the energy,
Light up the effigy
No chance to take it slow,
By now I‚Äôm sure you
Know, know, know, know, know, know
(1, 2, 3, go!)
Get up and go!

(Who) they want you to be
(Who) they wanted to see
(Go) kill the party with me
And never go home
(Who) they want you to be
(Who) they wanted to see
Just leave the party with me, and never go home

Are we still having fun?
Are you holding the gun?
Take the money and run
We‚Äôll never go home

I‚Äôve got nothing to lose
You‚Äôve got nothing to say
And we‚Äôre leaving today
We‚Äôll never go home

I think I‚Äôm gonna go now
I think I‚Äôm gonna go now
I think I better go now
Gonna go now, gonna go now, gonna go now, gonna go now
Go now, gonna go now
Go home!"
Danger Days: The True Lives Of The Fabulous Killjoys,The Only Hope For Me Is You,2010,"Remember me. [x6]

Where, where will you stand
When all the lights go out
Across these city streets?
Where were you when
All of the embers fell?
I still remember there
Covered in ash,
Covered in glass
Covered and all my friends,
I still think of the bombs they built

If there's a place that I could be
Then I'd be another memory
Can I be the only hope for you?
Because you're the only hope for me
And if we can't find where we belong
We'll have to make it on our own
Face all the pain and take it on
Because the only hope for me
Is you alone

How it should be
Many years after the disasters that we've seen
What have we learned?
Other than people burn in purifying flame
I say it's okay
I know you can tell
And though you can see me smile
I still think of the guns they sell

If there's a place that I could be
Then I'd be another memory
Can I be the only hope for you?
Because you're the only hope for me
And if we can't find where we belong
We'll have to make it on our own
Face all the pain and take it on
Because the only hope for me
Is you alone

The only hope for me
The only hope for me
Is you, the only hope for me [x3]
Is you, the only hope

If there's a place that I could be
Then I'd be another memory
Can I be the only hope for you?
Because you're the only hope for me
And if we can't find where we belong
We'll have to make it on our own
Face all the pain and take it on
Because the only hope for me is you alone
The only hope for me is you alone

The only hope for me is you [x8] (Remember me, remember me...)"
Danger Days: The True Lives Of The Fabulous Killjoys,Jet-Star And The Kobra Kid/Traffic Report,2010,"Bad news from the zones tumbleweeds
It looks like Jet-Star and the Kobra kid
Had a clap with an exterminator that went all Costa Rica
And uh got them selves ghosted, dusted out on route Guano
So it's time to hit the red-line and up thrust volume out there
Keep your boots tight, keep your gun close
And die with your mask on if you've got to
Here is the Traffic"
Danger Days: The True Lives Of The Fabulous Killjoys,Party Poison,2010,"Everyone!
The car has a full tank,
So we're packing the explosives in a suitcase!
Life is short,
And there are many dangers on the roads we travel,
So let's dance!)

Everybody pay attention to me
I got the answer
I got the answer
Street walking cheetah with a capitol ""G""
So gets your hands up
Now get your hands up

Hide your eyes, we're gonna shine tonight
Sub-atomic never get the best of me
Ain't a DJ gonna save my soul (My soul)
I sold it long ago for rock 'n' roll (Whoa oh)
Drop the needle when the tape deck blows
I gotta shout this out so everybody knows

This ain't a party
Get off the dance floor
You want the get down
Here comes the gang war
You're doin' alright
I got the answer
'Cause all the good times,
They give you cancer

If we were all like you in the end
Oh, we'd be killing ourselves by sleeping in
So, hit the lights, I'll do it again
And keep your cars, and your dogs, and your famous friends
Well alright

Slide up the faders when the cabinet slams
And get your hands up
Now gets your hands up
Light up the stage and watch me kick out the jams
So throw your fist up
Now throw your fist up

Ain't nobody gonna take my life
Ain't nobody gonna get the best of me
Ain't a preacher gonna save me now
Grab a seat I'm gonna show you how
Everybody hit the pyro cue
We're gonna blow this off
And show you what we do

This ain't a party
Get off the dance floor
You want the get down
Here comes the gang war
You're doin' alright
I got the answer
'Cause all the good times,
They give you cancer

If we were all like you in the end
Oh, we'd be killing ourselves by sleeping in
So, hit the lights, I'll do it again
And keep your cars, and your dogs, and your famous friends

Well alright [x3]
oh oh oh oh
Well alright
We came to party,
Kill the party tonight
We came to party,
Kill the party tonight
Let's go

This ain't a party
Get off the dance floor
You want the get down
Here comes the gang war
You're doin' alright
I got the answer
Cause all the good times
Gimme, gimme good times, people, tonight

This ain't a party
Get off the dance floor
You wanna get down
Here comes the encore

If we were all like you in the end
Oh, we'd be killing ourselves by sleeping in
So, hit the lights, I'll do it again

So everybody get down
Till the party breaks down
Now everybody get down
Now everybody get down
Till the party breaks down
Tonight"
Danger Days: The True Lives Of The Fabulous Killjoys,"Save Yourself, I'll Hold Them Back",2010,"Are y'all ready where you are?
Are y'all ready where you are?
Are y'all ready where you are?
(Ya, I'm coming for you now)

Na na na na na, na na na na na
Na na na na na, na na na na na

Right now,
I hope you're ready for a firefight
'Cause the devil's got your number tonight
They say ""we're never leaving this place alive""
But if you sing these words, we'll never die

Get off the ledge and drop the knife
Not a victim of a victim's life
Because this ain't a room full of suicides
We're believers, I believe tonight

We can leave this world, leave it all behind
We can steal this car if your folks don't mind
We can live forever if you've got the time

Na na na na na, na na na na na
If you save yourself tonight
Na na na na na, na na na na na
If you save yourself tonight

I'll tell you all how the story ends
Where the good guys die and the bad guys win
Who cares!
This ain't about all the friends you made
But the graffiti they write on your grave

For all of us who've seen the light
Salute the dead and lead the fight
Hail, hail!
Who gives a damn if we lose the war?
Let the walls come down, let the engines roar

We can leave this world, leave it all behind
We can steal this car if your folks don't mind
We can live forever if you've got the time
(Whoa!)
I'm the only friend that makes you cry
You're a heart attack in black hair dye
So just save yourself and I'll hold them back tonight

Are y'all ready where you are at?
If you save yourself tonight
('Cause we're coming for you)
Can you save yourself tonight?
Right now!
'Cause I'll hold them back!

We can leave this world, leave it all behind
We can steal this car if your folks don't mind
We can live forever if you've got the time
You motherfucker! (Whoa!)
You're the broken glass in the morning light
Be a burning star if it takes all night
So just save yourself and I'll hold them back tonight

Na na na na na, na na na na na
(If you save yourself tonight)
Na na na na na, na na na na na
(Can you save yourself tonight?)"
Danger Days: The True Lives Of The Fabulous Killjoys,S/C/A/R/E/C/R/O/W,2010,"Move your body when the sunlight dies
Everybody hide your body from the scarecrow
Everybody hide

Make a wish when your childhood dies
Hear the knock, knock, knock when she cries
We're all alone tonight

Hold your breath when a blackbird flies
Count to seventeen and close your eyes
I‚Äôll keep you safe inside

He burns
My skin
Never mind about the shape I‚Äôm in
I‚Äôll keep you safe tonight yeah

Move your body when the sunlight dies
Everybody hide your body from the scarecrow
Everybody hide
[x2]

Blow a kiss at the methane skies
See the rust through your playground eyes
We‚Äôre all in love tonight, all in love tonight

Leave the dream where the fallout lies
Watch it grow where the tear stain dries
To keep you safe tonight

He burns
My skin
Never mind about the shape I‚Äôm in
I‚Äôll keep you safe tonight yeah

Move your body when the sunlight dies
Everybody hide your body from the scarecrow
Everybody hide
[x2]

Love, love, love won‚Äôt stop this
Bomb, bomb, love won't stop this
Bomb, bomb, love won't stop this bomb

Run, run, bunny run [x2]

Move your body when the sunlight dies
Everybody hide your body from the scarecrow
Everybody hide"
Danger Days: The True Lives Of The Fabulous Killjoys,Summertime,2010,"When the lights go out
Will you take me with you?
And carry all this broken bone
Through six years down in crowded rooms
And highways I call home
Is something I can‚Äôt know till now
Till you picked me off the ground
With brick in hand, your lip gloss smile
Your scraped up knees

And if you stay
I would even wait all night
Or until my heart explodes
How long?
Until we find our way
In the dark and out of harm
You can run away with me
Anytime you want

Terrified of what I‚Äôd be
As a kid from what I‚Äôve seen
Every single day when people try
And put the pieces back together
Just to smash them down
Turn my headphones up real loud
I don't think I need them now
‚ÄòCause you stop the noise

And if you stay
I would even wait all night
Or until my heart explodes
How long?
Until we find our way
In the dark and out of harm
You can run away with me
Anytime you want

Anytime you want
Anytime you want

Don‚Äôt walk away [x3]

'Cause if you stay
I would even wait all night
Well, or until my heart explodes
How long?
Until we find out way
In the dark and out of harm
You can run away with me
You can write it on your arm
You can run away with me
Anytime you want"
Danger Days: The True Lives Of The Fabulous Killjoys,DESTROYA,2010,"Check check
Check check
Check check check check check check check...
Check ch...
Whoa!

Don't believe what they say
We're dead flies in the summertime
They leave us all behind
With duct tape scars on my honey
They don't like who you are
You won't like where we'll go
Brother, protect me now
With blood they wash in the money

You don't believe in God
I don't believe in luck
They don't believe in us
But I believe we're the enemy

You don't believe in God
I don't believe in luck
They don't believe in us
But I believe we're the enemy

Right now,
I'm sick down from the bones to the other side
Red-Mob, we insects hide
King rat in the streets in another life
They laugh, we don't think it's funny

If what you are
Is just what you own
What have you become?
When they take from you
Almost everything

You don't believe in God
I don't believe in luck
They don't believe in us
But I believe we're the enemy

You don't believe in God
I don't believe in luck
They don't believe in us
But I believe we're the enemy

Destroya, Destroya, Destroya, Destroya, Destroya, Destroya
Against the sun, we're the enemy!
Destroya, Destroya, Destroya, Destroya

I don't believe in God (you don't believe in God)
I don't believe in luck (I don't believe in luck)
I don't believe in you (They don't believe in us)
I just believe in the enemy (but I believe we're the enemy)

I don't believe in God (You don't believe in God)
I don't believe in love (I don't believe in luck)
I don't believe in you (They don't believe in us)
I just believe in the enemy (but I believe we're the enemy)

You don't believe in God
I don't believe in luck
They don't believe in us
But I believe we're the enemy

You don't believe in God
I don't believe in luck
They don't believe in us
But I believe we're the enemy

Destroya, Destroya, Destroya, Destroya, Destroya, Destroya
Against the sun, we're the enemy!
Destroya, Destroya
We're all waitin' for ya
Destroya, Destroya
Against the sun, we're the enemy!

So show me what you got
You children of the gun
Don't hide and we don't run
Against the sun, we're the enemy!
So show me what you got
Against the sun, we're the enemy!

Destroya"
Danger Days: The True Lives Of The Fabulous Killjoys,The Kids From Yesterday,2010,"Well now this could be the last of all the rides we take
So hold on tight and don't look back
We don't care about the message
Or the rules they make
I'll find you when the sun goes black

And you only live forever in the lights you make
When we were young, we used to say
That ""you only hear the music when your heart begins to break""
Now we are the kids from yesterday

All the cameras watch the accidents and stars you hate
They only care if you can bleed
Does the television make you feel the pills you ate?
Or every person that you need to be

'Cause you only live forever in the lights you make
When we were young we used to say
That ""you only hear the music when your heart begins to break""
Now we are the kids from yesterday

Today, today
We are the kids from yesterday
Today, today

Here we are and we don't stop breathing
Yell it out 'til your heart stops beating
We are the kids from yesterday
Today

'Cause you only live forever in the lights you make
When we were young we used to say
That ""you only hear the music when your heart begins to break""
Now we are the kids from yesterday
We are the kids from yesterday
We are the kids from yesterday
We are the kids from yesterday
Today, today"
Danger Days: The True Lives Of The Fabulous Killjoys,"Goodnite, Dr. Death",2010,"Alright, Children
The lights are out and the party's over
It's time for me: Doctor D
To start running and say goodbye for a little while
And I know you're gonna miss me
So I'll leave you with this
You know that big ball of radiation we call the sun?
Well it'll burst you into flames
If you stay in one place too long
That is if the static don't get you first
So remember even if you're dusted
You may be gone
But out here in the desert
Your shadow lives on without you
This is Dr. Death Defying
Signing off"
Danger Days: The True Lives Of The Fabulous Killjoys,Vampire Money,2010,"[Gerard:] Well, are you ready, Ray?
[Ray:] Yeah
[Gerard:] How about you, Frank?
[Frank:] Oh I'm there, baby
[Gerard:] How about you, Mikey?
[Mikey:] Fucking ready...
[Gerard:] Well, I think I'm alright
1-2-3-4

3-2-1 We came to fuck
Everybody party till the gasman comes
Sparkle like Bowie in the morning sun
And get a parking violation on La Brea till it's done
Hair Back, collar up, jet black, so cool!
Sing it like the kids that are mean to you, c'mon

When you wanna be a movie star (c'mon!)
Play the game and take a band real far (c'mon!)
Play it right and drive a Volvo car (c'mon!)
Pick a fight at an airport bar
The kids don't care if you're all right, honey
Pills don't help but it sure is funny
Gimme gimme some of that vampire money c'mon!

Oh you look like somebody I used to know

Well 3-2-1 we got the bomb
Everybody hurry till the tax man comes
Glimmer like Bolan in the morning sun
And get your finger on the trigger
Tap the barrel of a gun
Hair back, motherfucker! Jet black, so cool
Sing it like the kids that are mean to you (c'mon!)

When you wanna be a movie star (c'mon!)
Play the game and take a band real far (c'mon!)
Play it right and drive a Volvo car (c'mon!)
Pick a fight at an airport bar
The kids don't care if you're all right, honey
Pills don't help but it sure is funny
Gimme gimme some of that vampire money c'mon!

Oh fuck yeah
That's right
1-2-3-4

Well 3-2-1 we came to fuck
Everybody party till the gasman comes
Sparkle like Bowie in the morning sun
And get a parking violation on La Brea till it's done
Hair back, collar up, jet black, so cool!
Sing it like the kids that are mean to you (c'mon!)

When you wanna be a movie star (c'mon!)
Play the game and take a band real far (c'mon!)
Play it right and drive a Volvo car (c'mon!)
Pick a fight at an airport bar
The kids don't care if you're all right, honey
Pills don't help but it sure is funny
Gimme gimme some of that vampire money c'mon! c'mon!

(I sure like the way...
I sure like the way you look in that...
I sure like the way you look in that...
I sure like the way you look in that...
There! There! There!
Oh, I'm such an idiot!
Our music is way too loud!
Here, let me turn it down a little bit!
Sorry!)"
